sample_id,gorilla_id,gorilla_name,group,sample_date,observer,sex,age_class,age_years,dominance_rank,group_size,fruit_availability_index,feeding_time_prop,aggression_events,parasite_load,respiratory_signs,injury_status,cortisol_ng_ml,testosterone_ng_ml,injury_label,play_events,respiratory_label,expected_feeding_bouts,feeding_bouts
G001_S01,G001,Gasore,BWE,5/23/25,Mark,F,adult,14.2,8,1,0.404097683,0.255474458,2,46,0,0,19.15861191,5.717720854,Not injured,3,No respiratory signs,4.878887485538144,6
G001_S02,G001,Gasore,BWE,8/18/25,Sarah,F,adult,14.2,8,1,0.330100906,0.627251462,0,33,0,0,22.60625689,3.666247936,Not injured,4,No respiratory signs,4.464338661353723,5
G001_S03,G001,Gasore,BWE,9/10/25,Mary,F,adult,14.2,8,1,0.313435871,0.510683218,1,36,0,0,28.81689563,3.0842562080000002,Not injured,7,No respiratory signs,4.375947401147598,2
G001_S04,G001,Gasore,BWE,2/2/25,Sarah,F,adult,14.2,8,1,0.709876099,0.377991428,0,49,0,0,9.639142144,4.783929908,Not injured,4,No respiratory signs,7.041711974479236,5
G001_S05,G001,Gasore,BWE,5/29/25,Mark,F,adult,14.2,8,1,0.432547501,0.413827743,0,39,0,0,10.81045502,3.218930393,Not injured,4,No respiratory signs,5.048327504475042,5
G001_S06,G001,Gasore,BWE,11/26/25,Robert,F,adult,14.2,8,1,0.596147829,0.320570895,1,33,0,0,22.58758524,6.371155283,Not injured,8,No respiratory signs,6.143394225042753,2
G001_S07,G001,Gasore,BWE,12/29/25,Sarah,F,adult,14.2,8,1,0.580577228,0.59085234,1,60,0,0,12.55924854,5.663150436,Not injured,5,No respiratory signs,6.029672355952963,6
G001_S08,G001,Gasore,BWE,12/21/25,Sarah,F,adult,14.2,8,1,0.682792007,0.427150194,0,44,0,0,11.15097364,5.872844528,Not injured,2,No respiratory signs,6.816529070770942,10
G002_S01,G002,Poppy,Group5,9/2/25,Robert,F,adult,32.5,6,3,0.521085941,0.686267837,3,85,0,1,29.31683876,6.787587555,Injured,0,No respiratory signs,5.6142226065886645,4
G002_S02,G002,Poppy,Group5,7/13/25,Mark,F,adult,32.5,6,3,0.430294694,0.428439232,0,31,0,0,13.59652161,3.425633715,Not injured,0,No respiratory signs,5.034698445910039,5
G002_S03,G002,Poppy,Group5,3/24/25,Sarah,F,adult,32.5,6,3,0.649344198,0.544665237,1,36,0,0,22.08678421,5.416563722,Not injured,0,No respiratory signs,6.548349529069113,1
G002_S04,G002,Poppy,Group5,11/24/25,Mary,F,adult,32.5,6,3,0.674961919,0.605893831,0,30,0,0,11.13084448,3.807728927,Not injured,0,No respiratory signs,6.752780208332751,8
G002_S05,G002,Poppy,Group5,11/15/25,Paul,F,adult,32.5,6,3,0.538136148,0.348524916,0,31,0,0,9.55439477,3.791151377,Not injured,0,No respiratory signs,5.730274169143321,4
G002_S06,G002,Poppy,Group5,10/31/25,Mary,F,adult,32.5,6,3,0.74247388,0.503193581,1,54,0,0,19.05480012,8.527127333,Not injured,0,No respiratory signs,7.322623431152413,10
G002_S07,G002,Poppy,Group5,10/20/25,Mary,F,adult,32.5,6,3,0.780909529,0.676310045,0,36,0,0,15.24070801,6.004253542,Not injured,0,No respiratory signs,7.668273059401844,5
G002_S08,G002,Poppy,Group5,10/18/25,Paul,F,adult,32.5,6,3,0.545957886,0.752610696,0,43,0,0,8.851740705,3.973566104,Not injured,0,No respiratory signs,5.784312219165476,5
G003_S01,G003,Ishimwe,MAF,3/23/25,Paul,M,adult,19.9,1,2,0.873950144,0.563267668,1,41,0,0,18.92768056,10.49278248,Not injured,2,No respiratory signs,8.574049768992463,9
G003_S02,G003,Ishimwe,MAF,12/26/25,Robert,M,adult,19.9,1,2,0.58855518,0.754681726,6,51,0,0,13.07353158,17.2188866,Not injured,0,No respiratory signs,6.0876748817239426,0
G003_S03,G003,Ishimwe,MAF,6/18/25,Mark,M,adult,19.9,1,2,0.4905692,0.562418592,3,31,0,0,14.3261109,15.87714567,Not injured,2,No respiratory signs,5.412348163488677,4
G003_S04,G003,Ishimwe,MAF,4/10/25,Paul,M,adult,19.9,1,2,0.505788218,0.773956898,3,36,0,0,22.6637039,10.52029366,Not injured,0,No respiratory signs,5.5121010242479755,1
G003_S05,G003,Ishimwe,MAF,1/9/25,Paul,M,adult,19.9,1,2,0.595069572,0.272770642,4,78,0,0,26.58846727,9.538377894,Not injured,0,No respiratory signs,6.135450376065217,5
G003_S06,G003,Ishimwe,MAF,3/19/25,Robert,M,adult,19.9,1,2,0.633737284,0.47979151,3,56,0,0,17.78759278,12.24425092,Not injured,1,No respiratory signs,6.426851373557082,5
G003_S07,G003,Ishimwe,MAF,10/12/25,Mark,M,adult,19.9,1,2,0.813879983,0.711634094,3,35,0,0,16.93051534,14.52676939,Not injured,0,No respiratory signs,7.977746511986882,6
G003_S08,G003,Ishimwe,MAF,8/12/25,Mary,M,adult,19.9,1,2,0.3053904,0.405142068,3,40,0,0,29.9113187,7.827469146,Not injured,0,No respiratory signs,4.33390281931275,1
G004_S01,G004,Umuyaga,SusaGp,3/13/25,Robert,F,adult,13.2,6,3,0.680505678,0.455497162,1,51,0,0,7.524307881,6.776949323,Not injured,3,No respiratory signs,6.7978529086840265,6
G004_S02,G004,Umuyaga,SusaGp,11/16/25,Mary,F,adult,13.2,6,3,0.81143402,0.480724287,0,42,1,0,23.53076886,4.576841999,Not injured,1,Respiratory signs,7.954364915734737,5
G004_S03,G004,Umuyaga,SusaGp,10/12/25,Robert,F,adult,13.2,6,3,0.745684155,0.472293479,0,66,0,0,12.61776676,3.568813212,Not injured,6,No respiratory signs,7.3508869984153264,7
G004_S04,G004,Umuyaga,SusaGp,12/25/25,Sarah,F,adult,13.2,6,3,0.671653666,0.347511465,0,35,1,0,11.66661335,2.769835438,Not injured,5,Respiratory signs,6.726025463890011,4
G004_S05,G004,Umuyaga,SusaGp,7/8/25,Mary,F,adult,13.2,6,3,0.416546361,0.551442374,1,26,0,0,7.644194494,5.863107266,Not injured,2,No respiratory signs,4.952317422566214,0
G004_S06,G004,Umuyaga,SusaGp,1/4/25,Sarah,F,adult,13.2,6,3,0.540167564,0.730719748,2,27,0,0,7.529440313,19.59982049,Not injured,7,No respiratory signs,5.744259893470021,6
G004_S07,G004,Umuyaga,SusaGp,9/11/25,Paul,F,adult,13.2,6,3,0.299748286,0.659505877,0,34,0,0,10.81394615,7.442580051,Not injured,6,No respiratory signs,4.304659080403605,7
G004_S08,G004,Umuyaga,SusaGp,3/8/25,Paul,F,adult,13.2,6,3,0.95,0.674584062,1,81,0,1,18.87128244,3.385663948,Injured,4,No respiratory signs,9.393331287442784,7
G005_S01,G005,Ubusugire,PAB,1/6/25,Mary,M,subadult,9,NA,7,0.673173911,0.394071772,1,27,1,0,18.3848318,12.48533532,Not injured,9,Respiratory signs,6.7383069108665445,8
G005_S02,G005,Ubusugire,PAB,3/10/25,Sarah,M,subadult,9,NA,7,0.633012619,0.522457392,0,22,0,0,9.633086815,9.427401034,Not injured,9,No respiratory signs,6.421265025746815,2
G005_S03,G005,Ubusugire,PAB,12/10/25,Robert,M,subadult,9,NA,7,0.864983084,0.395151574,2,52,0,0,12.02201569,5.102564415,Not injured,9,No respiratory signs,8.482283555858725,9
G005_S04,G005,Ubusugire,PAB,2/23/25,Sarah,M,subadult,9,NA,7,0.800137582,0.507324728,3,38,1,0,16.09471736,7.352402404,Not injured,8,Respiratory signs,7.847265274317152,7
G005_S05,G005,Ubusugire,PAB,3/17/25,Paul,M,subadult,9,NA,7,0.870190934,0.656474863,4,95,0,1,42.11608225,23.06547279,Injured,8,No respiratory signs,8.535458892800918,6
G005_S06,G005,Ubusugire,PAB,2/20/25,Mark,M,subadult,9,NA,7,0.771088363,0.602132762,2,10,0,0,16.36514105,13.16121592,Not injured,7,No respiratory signs,7.578429859112546,7
G005_S07,G005,Ubusugire,PAB,1/14/25,Paul,M,subadult,9,NA,7,0.749160485,0.764308465,0,29,0,0,33.03293337,5.239280773,Not injured,6,No respiratory signs,7.381615979098141,9
G005_S08,G005,Ubusugire,PAB,4/6/25,Paul,M,subadult,9,NA,7,0.233515358,0.615133573,2,33,1,0,21.28827117,11.5416941,Not injured,6,Respiratory signs,3.9757699584984265,4
G006_S01,G006,Mushya,ISA,4/1/25,Mary,M,adult,35.1,2,2,0.59190687,0.315227885,8,153,0,1,55.70095417,13.47867124,Injured,0,No respiratory signs,6.112208985906709,5
G006_S02,G006,Mushya,ISA,7/19/25,Paul,M,adult,35.1,2,2,0.508645569,0.286397433,0,47,0,0,10.25820915,17.14581661,Not injured,0,No respiratory signs,5.53103347253772,8
G006_S03,G006,Mushya,ISA,11/30/25,Mary,M,adult,35.1,2,2,0.752837427,0.427340046,2,38,0,0,11.551886,8.331857069,Not injured,0,No respiratory signs,7.414258068567559,7
G006_S04,G006,Mushya,ISA,8/23/25,Mary,M,adult,35.1,2,2,0.362365468,0.433999054,2,90,0,0,11.88685068,16.70797213,Not injured,0,No respiratory signs,4.640576302265213,4
G006_S05,G006,Mushya,ISA,1/28/25,Mary,M,adult,35.1,2,2,0.802855851,0.454931875,5,29,0,0,38.4658045,8.714906663,Not injured,0,No respiratory signs,7.872904241265012,4
G006_S06,G006,Mushya,ISA,12/8/25,Mary,M,adult,35.1,2,2,0.896401932,0.302766139,4,55,1,0,21.35938456,17.50254894,Not injured,0,Respiratory signs,8.808193064488382,4
G006_S07,G006,Mushya,ISA,6/20/25,Paul,M,adult,35.1,2,2,0.405384072,0.318035199,2,118,0,1,28.43057617,10.63392662,Injured,0,No respiratory signs,4.886424678130787,8
G006_S08,G006,Mushya,ISA,12/6/25,Mary,M,adult,35.1,2,2,0.599045658,0.675515906,2,48,0,0,12.83196345,10.90747479,Not injured,0,No respiratory signs,6.164794419072238,5
G007_S01,G007,Chundura,PAB,4/14/25,Mark,F,adult,32.3,8,7,0.595667643,0.576840398,0,34,0,0,19.02874218,6.012094759,Not injured,0,No respiratory signs,6.139855278473017,6
G007_S02,G007,Chundura,PAB,7/13/25,Mary,F,adult,32.3,8,7,0.305800976,0.638262464,1,48,1,0,16.86595598,5.300692326,Not injured,0,Respiratory signs,4.336038621195673,3
G007_S03,G007,Chundura,PAB,11/26/25,Mark,F,adult,32.3,8,7,0.484451222,0.359104938,0,49,1,0,28.54423168,2.334220645,Not injured,0,Respiratory signs,5.37275851407914,10
G007_S04,G007,Chundura,PAB,2/1/25,Mark,F,adult,32.3,8,7,0.654741544,0.564081309,1,37,0,0,20.73537691,3.637375912,Not injured,0,No respiratory signs,6.590899624641913,7
G007_S05,G007,Chundura,PAB,6/7/25,Robert,F,adult,32.3,8,7,0.366821847,0.867028457,0,39,0,0,14.18957734,3.331914198,Not injured,0,No respiratory signs,4.665458975076828,9
G007_S06,G007,Chundura,PAB,11/11/25,Robert,F,adult,32.3,8,7,0.870061145,0.590710803,0,27,0,0,20.59146883,5.341539361,Not injured,0,No respiratory signs,8.5341296259090491,12
G007_S07,G007,Chundura,PAB,3/11/25,Mary,F,adult,32.3,8,7,0.504856687,0.431713383,4,35,0,0,17.92619799,7.046296652,Not injured,0,No respiratory signs,5.505942835240544,5
G007_S08,G007,Chundura,PAB,7/12/25,Mark,F,adult,32.3,8,7,0.412838881,0.624282092,0,35,1,0,17.93861199,3.823711842,Not injured,0,Respiratory signs,4.930333620174597,6
G008_S01,G008,Twihangane,PAB,11/4/25,Paul,M,adult,18.2,2,7,0.648643828,0.585125142,3,35,0,0,12.67882828,7.190351186,Not injured,0,No respiratory signs,6.542848320050373,8
G008_S02,G008,Twihangane,PAB,5/29/25,Sarah,M,adult,18.2,2,7,0.398474816,0.652580064,1,47,0,0,23.05096412,28.34060023,Not injured,3,No respiratory signs,4.846078296512767,1
G008_S03,G008,Twihangane,PAB,6/14/25,Mark,M,adult,18.2,2,7,0.430376143,0.61930218,4,35,0,0,36.46811748,13.7857467,Not injured,2,No respiratory signs,5.035190555343206,9
G008_S04,G008,Twihangane,PAB,10/16/25,Paul,M,adult,18.2,2,7,0.599223969,0.566088975,2,94,0,1,13.4182576,6.16106726,Injured,2,No respiratory signs,6.166113660997604,4
G008_S05,G008,Twihangane,PAB,7/9/25,Paul,M,adult,18.2,2,7,0.239005913,0.557095815,2,62,1,0,34.17007845,5.691695079,Not injured,3,Respiratory signs,4.002051463803608,3
G008_S06,G008,Twihangane,PAB,11/3/25,Sarah,M,adult,18.2,2,7,0.674085528,0.321099119,4,41,0,0,40.19274722,6.045810238,Not injured,1,No respiratory signs,6.745682250379358,10
G008_S07,G008,Twihangane,PAB,8/25/25,Mary,M,adult,18.2,2,7,0.616191203,0.690139821,2,38,0,0,13.33432465,8.791530238,Not injured,1,No respiratory signs,6.292946755499646,7
G008_S08,G008,Twihangane,PAB,8/2/25,Paul,M,adult,18.2,2,7,0.331813797,0.656066191,4,25,0,0,17.25819152,11.78941312,Not injured,0,No respiratory signs,4.473524409247328,4
G009_S01,G009,Gitebe,SusaGp,8/22/25,Mark,F,adult,24.7,2,3,0.406240148,0.30938542,2,42,0,0,30.20925589,7.881331332,Not injured,0,No respiratory signs,4.891447038473699,4
G009_S02,G009,Gitebe,SusaGp,12/17/25,Mark,F,adult,24.7,2,3,0.622035884,0.856749345,0,74,0,0,6.985319391,5.026116026,Not injured,0,No respiratory signs,6.3372382152135565,3
G009_S03,G009,Gitebe,SusaGp,9/6/25,Robert,F,adult,24.7,2,3,0.253609527,0.490723933,1,45,0,0,16.37542132,2.396566903,Not injured,0,No respiratory signs,4.0728028867772705,5
G009_S04,G009,Gitebe,SusaGp,9/2/25,Mark,F,adult,24.7,2,3,0.241692583,0.614386604,2,43,0,0,15.05875467,7.760665122,Not injured,0,No respiratory signs,4.014974915166482,4
G009_S05,G009,Gitebe,SusaGp,7/23/25,Robert,F,adult,24.7,2,3,0.540422503,0.410339024,2,60,0,0,22.61733598,4.957357464,Not injured,0,No respiratory signs,5.746017485351121,6
G009_S06,G009,Gitebe,SusaGp,4/12/25,Sarah,F,adult,24.7,2,3,0.475396392,0.712972712,2,27,0,0,13.3876856,3.61311304,Not injured,3,No respiratory signs,5.31469523922915,6
G009_S07,G009,Gitebe,SusaGp,10/18/25,Sarah,F,adult,24.7,2,3,0.89199052,0.632350962,0,51,0,0,11.84644902,4.46215436,Not injured,0,No respiratory signs,8.761688381579315,12
G009_S08,G009,Gitebe,SusaGp,11/7/25,Robert,F,adult,24.7,2,3,0.56068195,0.53345872,2,30,1,0,21.41959811,5.225938719,Not injured,0,Respiratory signs,5.887422760377487,5
G010_S01,G010,Petula,Group4,8/24/25,Mark,F,adult,17.3,8,3,0.52095457,0.475027138,0,55,0,0,15.27685256,4.13014875,Not injured,4,No respiratory signs,5.613337621101692,7
G010_S02,G010,Petula,Group4,11/15/25,Mary,F,adult,17.3,8,3,0.612726659,0.81053794,2,30,0,0,16.1540187,3.200090333,Not injured,1,No respiratory signs,6.266838436049215,9
G010_S03,G010,Petula,Group4,1/21/25,Sarah,F,adult,17.3,8,3,0.802723685,0.611286267,0,42,0,0,10.56919514,3.605180266,Not injured,1,No respiratory signs,7.871655703961799,5
G010_S04,G010,Petula,Group4,5/30/25,Robert,F,adult,17.3,8,3,0.525005248,0.862458478,1,31,0,0,21.53202018,4.046023981,Not injured,5,No respiratory signs,5.640689431122229,6
G010_S05,G010,Petula,Group4,7/27/25,Paul,F,adult,17.3,8,3,0.411779394,0.452057644,2,61,0,0,10.80227354,3.34315886,Not injured,2,No respiratory signs,4.924069253975662,6
G010_S06,G010,Petula,Group4,7/17/25,Sarah,F,adult,17.3,8,3,0.170486002,0.656221563,0,50,0,0,11.70395863,11.35304837,Not injured,0,No respiratory signs,3.6861523940098335,4
G010_S07,G010,Petula,Group4,10/12/25,Mark,F,adult,17.3,8,3,0.471588796,0.30085693,0,69,0,0,14.74475971,1.762276225,Not injured,3,No respiratory signs,5.2904671769823395,3
G010_S08,G010,Petula,Group4,10/27/25,Mary,F,adult,17.3,8,3,0.920402911,0.336895279,1,36,0,0,18.26193192,3.173954307,Not injured,2,No respiratory signs,9.065567930913193,13
G011_S01,G011,Nyirindekwe,MSK,7/21/25,Paul,M,adult,16.1,4,1,0.492060333,0.380085311,6,96,0,1,44.53841231,5.673538025,Injured,3,No respiratory signs,5.422041470453153,3
G011_S02,G011,Nyirindekwe,MSK,5/27/25,Mark,M,adult,16.1,4,1,0.223053335,0.285473761,4,79,0,0,13.37974397,9.072202249,Not injured,4,No respiratory signs,3.9261684531419507,7
G011_S03,G011,Nyirindekwe,MSK,4/11/25,Mary,M,adult,16.1,4,1,0.401521819,0.203204163,2,59,0,0,17.5661191,5.627291274,Not injured,2,No respiratory signs,4.863829948466833,6
G011_S04,G011,Nyirindekwe,MSK,12/15/25,Paul,M,adult,16.1,4,1,0.513172476,0.485440302,6,36,0,0,24.6335992,14.93271952,Not injured,4,No respiratory signs,5.561161399214955,10
G011_S05,G011,Nyirindekwe,MSK,4/4/25,Sarah,M,adult,16.1,4,1,0.506235775,0.316432612,1,53,0,0,9.543177106,9.64346318,Not injured,3,No respiratory signs,5.515062194630051,3
G011_S06,G011,Nyirindekwe,MSK,5/14/25,Mary,M,adult,16.1,4,1,0.459091632,0.333445158,1,51,0,0,17.8811711,10.23126246,Not injured,4,No respiratory signs,5.21172011861914,10
G011_S07,G011,Nyirindekwe,MSK,1/10/25,Mary,M,adult,16.1,4,1,0.74344421,0.307890447,1,37,0,0,14.16139719,7.21912805,Not injured,5,No respiratory signs,7.3311548305849215,8
G011_S08,G011,Nyirindekwe,MSK,7/9/25,Paul,M,adult,16.1,4,1,0.368560086,0.422917399,5,38,1,0,40.85356671,6.888919994,Not injured,4,Respiratory signs,4.675200750957599,8
G012_S01,G012,Intarumikwa,TOB,11/2/25,Robert,F,adult,28.6,4,2,0.52855718,0.511545708,1,64,0,0,28.50753881,2.531346293,Not injured,0,No respiratory signs,5.664783156561217,4
G012_S02,G012,Intarumikwa,TOB,5/21/25,Paul,F,adult,28.6,4,2,0.317332148,0.536837524,0,36,0,0,12.74561544,3.688573495,Not injured,0,No respiratory signs,4.39645519005874,3
G012_S03,G012,Intarumikwa,TOB,12/31/25,Sarah,F,adult,28.6,4,2,0.591305009,0.620331179,0,50,0,0,8.288251164,3.674272179,Not injured,0,No respiratory signs,6.107796139395697,10
G012_S04,G012,Intarumikwa,TOB,2/16/25,Sarah,F,adult,28.6,4,2,0.664132929,0.602388954,0,55,0,0,9.309593569,3.5393887,Not injured,0,No respiratory signs,6.665596951925028,8
G012_S05,G012,Intarumikwa,TOB,11/10/25,Mark,F,adult,28.6,4,2,0.794598453,0.451282482,0,60,0,0,14.25307332,4.994513586,Not injured,0,No respiratory signs,7.79527782724958,10
G012_S06,G012,Intarumikwa,TOB,4/22/25,Mary,F,adult,28.6,4,2,0.439682474,0.432237485,0,44,0,0,14.63273041,5.440062145,Not injured,0,No respiratory signs,5.091736689838037,4
G012_S07,G012,Intarumikwa,TOB,10/9/25,Mary,F,adult,28.6,4,2,0.541095581,0.276894976,0,25,0,0,11.57012365,2.387289133,Not injured,0,No respiratory signs,5.750660381665939,5
G012_S08,G012,Intarumikwa,TOB,10/18/25,Mark,F,adult,28.6,4,2,0.931919861,0.526149161,1,33,0,0,27.40689363,7.772590226,Not injured,0,No respiratory signs,9.191726934127443,8
G013_S01,G013,Taraja,BEE,4/30/25,Mary,F,adult,12.6,2,3,0.449097631,0.362247382,2,98,0,1,21.56204388,3.730359482,Injured,9,No respiratory signs,5.149590295298182,7
G013_S02,G013,Taraja,BEE,11/10/25,Sarah,F,adult,12.6,2,3,0.915081158,0.325907399,1,38,1,0,23.46084862,6.958438382,Not injured,8,Respiratory signs,9.007858739477223,8
G013_S03,G013,Taraja,BEE,10/27/25,Robert,F,adult,12.6,2,3,0.644056262,0.699065206,0,42,0,0,10.6269754,1.868277394,Not injured,5,No respiratory signs,6.506928383617815,7
G013_S04,G013,Taraja,BEE,10/27/25,Paul,F,adult,12.6,2,3,0.751259465,0.654238982,1,62,0,0,13.41199692,5.448102117,Not injured,3,No respiratory signs,7.400232051283371,6
G013_S05,G013,Taraja,BEE,11/15/25,Sarah,F,adult,12.6,2,3,0.762782051,0.549590721,2,39,1,0,16.31482205,3.966679714,Not injured,4,Respiratory signs,7.5032665160683525,4
G013_S06,G013,Taraja,BEE,10/29/25,Mark,F,adult,12.6,2,3,0.55873957,0.325098465,1,33,0,0,21.16308784,2.848861873,Not injured,6,No respiratory signs,5.8737160061526925,8
G013_S07,G013,Taraja,BEE,7/31/25,Paul,F,adult,12.6,2,3,0.26562605,0.846226525,0,51,0,0,16.08844689,1.525539148,Not injured,5,No respiratory signs,4.131957476743265,4
G013_S08,G013,Taraja,BEE,5/21/25,Sarah,F,adult,12.6,2,3,0.472013572,0.745605812,0,38,0,0,11.21364983,4.304292291,Not injured,4,No respiratory signs,5.293164580582006,2
G014_S01,G014,Keza,ISA,1/2/25,Mark,F,adult,28.5,4,2,0.697158869,0.822441577,1,21,1,0,12.55120397,2.453779861,Not injured,0,Respiratory signs,6.9350665002641145,4
G014_S02,G014,Keza,ISA,3/6/25,Robert,F,adult,28.5,4,2,0.827265861,0.424432897,0,55,0,0,13.10639681,4.979592764,Not injured,0,No respiratory signs,8.106928230622923,5
G014_S03,G014,Keza,ISA,7/31/25,Sarah,F,adult,28.5,4,2,0.438856357,0.226408688,0,43,0,0,12.91637043,2.674297374,Not injured,0,No respiratory signs,5.08669154669153,6
G014_S04,G014,Keza,ISA,7/10/25,Robert,F,adult,28.5,4,2,0.478059331,0.282513998,2,63,0,0,21.72907247,2.885066228,Not injured,0,No respiratory signs,5.331705654443788,6
G014_S05,G014,Keza,ISA,12/26/25,Paul,F,adult,28.5,4,2,0.663648085,0.420124307,2,50,0,0,21.04870269,5.490326778,Not injured,0,No respiratory signs,6.661719950252723,5
G014_S06,G014,Keza,ISA,11/29/25,Sarah,F,adult,28.5,4,2,0.678880861,0.486813403,1,46,0,0,16.08758973,4.026212992,Not injured,0,No respiratory signs,6.784611501433679,7
G014_S07,G014,Keza,ISA,3/23/25,Mary,F,adult,28.5,4,2,0.635532397,0.347305619,0,40,1,0,18.13568135,3.345428869,Not injured,0,Respiratory signs,6.4407106048693015,6
G014_S08,G014,Keza,ISA,10/5/25,Mary,F,adult,28.5,4,2,0.691281434,0.426029915,0,24,0,0,17.55940207,4.091667412,Not injured,0,No respiratory signs,6.8863261003362615,10
G015_S01,G015,Ubwuzu,PAB,6/8/25,Mary,M,adult,23,4,7,0.512578707,0.714011663,3,68,0,0,15.1236538,7.8765389,Not injured,0,No respiratory signs,5.557200356257823,3
G015_S02,G015,Ubwuzu,PAB,9/22/25,Sarah,M,adult,23,4,7,0.412321487,0.768340999,2,58,1,0,31.93910461,12.12308041,Not injured,0,Respiratory signs,4.927273460218249,4
G015_S03,G015,Ubwuzu,PAB,10/5/25,Sarah,M,adult,23,4,7,0.603805759,0.565112279,5,74,1,0,16.96572737,17.60351281,Not injured,0,Respiratory signs,6.200109237205826,4
G015_S04,G015,Ubwuzu,PAB,8/20/25,Robert,M,adult,23,4,7,0.237856001,0.469186346,4,63,1,0,20.76824656,6.608259429,Not injured,0,Respiratory signs,3.996532863818469,1
G015_S05,G015,Ubwuzu,PAB,3/3/25,Robert,M,adult,23,4,7,0.685368142,0.556472447,2,41,0,0,12.153637,8.021618762,Not injured,0,No respiratory signs,6.837634034446079,7
G015_S06,G015,Ubwuzu,PAB,7/11/25,Mary,M,adult,23,4,7,0.369899725,0.700169191,3,15,0,0,9.926168657,8.37707446,Not injured,0,No respiratory signs,4.682722492699473,2
G015_S07,G015,Ubwuzu,PAB,10/29/25,Mark,M,adult,23,4,7,0.664130393,0.5723322,6,116,1,1,37.28988725,9.120726049,Injured,0,Respiratory signs,6.6655766672112495,4
G015_S08,G015,Ubwuzu,PAB,4/5/25,Sarah,M,adult,23,4,7,0.478482674,0.572341595,4,75,0,1,22.83297107,6.018704915,Injured,0,No respiratory signs,5.334414910872612,7
G016_S01,G016,Narame,TOB,5/9/25,Mark,M,adult,35.4,3,2,0.374156523,0.716193178,2,46,0,0,11.85925888,16.78139649,Not injured,0,No respiratory signs,4.706703775128469,4
G016_S02,G016,Narame,TOB,2/25/25,Mark,M,adult,35.4,3,2,0.690479961,0.203286129,2,89,0,0,20.85597166,7.555849655,Not injured,0,No respiratory signs,6.879706238904325,4
G016_S03,G016,Narame,TOB,6/18/25,Mark,M,adult,35.4,3,2,0.261119307,0.315232912,2,25,0,0,33.20407243,4.816372432,Not injured,0,No respiratory signs,4.109671788061227,4
G016_S04,G016,Narame,TOB,9/3/25,Mary,M,adult,35.4,3,2,0.643936033,0.729978957,2,41,0,0,17.29717606,10.6796547,Not injured,0,No respiratory signs,6.505989665544963,8
G016_S05,G016,Narame,TOB,1/26/25,Robert,M,adult,35.4,3,2,0.76535822,0.264210412,1,35,0,0,18.19867686,7.585801584,Not injured,0,No respiratory signs,7.526498025660658,7
G016_S06,G016,Narame,TOB,3/29/25,Paul,M,adult,35.4,3,2,0.839154453,0.689202367,3,48,0,0,31.18150771,9.390730968,Not injured,0,No respiratory signs,8.223413114254088,4
G016_S07,G016,Narame,TOB,6/25/25,Mary,M,adult,35.4,3,2,0.35762065,0.600503237,4,41,0,0,18.24435351,10.86354963,Not injured,0,No respiratory signs,4.614228953506611,4
G016_S08,G016,Narame,TOB,8/2/25,Sarah,M,adult,35.4,3,2,0.280827348,0.378808266,4,58,0,0,22.0576098,7.485619489,Not injured,0,No respiratory signs,4.208022479888646,4
G017_S01,G017,Gushimira,PAB,12/12/25,Robert,M,adult,22.9,3,7,0.640814075,0.598867552,1,73,0,0,16.70152038,16.12452033,Not injured,0,No respiratory signs,6.4816615530251696,2
G017_S02,G017,Gushimira,PAB,9/27/25,Sarah,M,adult,22.9,3,7,0.182033889,0.501657052,1,37,0,0,7.475140959,7.101749053,Not injured,0,No respiratory signs,3.7375886847630984,3
G017_S03,G017,Gushimira,PAB,5/25/25,Robert,M,adult,22.9,3,7,0.361738266,0.406567865,1,58,0,0,23.62616213,4.883627939,Not injured,2,No respiratory signs,4.637084921824984,4
G017_S04,G017,Gushimira,PAB,5/2/25,Sarah,M,adult,22.9,3,7,0.414980896,0.735690349,2,53,0,0,19.10116967,10.23523267,Not injured,0,No respiratory signs,4.943022939899234,6
G017_S05,G017,Gushimira,PAB,6/15/25,Mary,M,adult,22.9,3,7,0.223720965,0.588919414,2,61,1,0,27.6076709,12.30814425,Not injured,0,Respiratory signs,3.9293151868991996,1
G017_S06,G017,Gushimira,PAB,2/7/25,Mark,M,adult,22.9,3,7,0.621049695,0.388049226,3,69,0,0,9.749187439,10.46792461,Not injured,0,No respiratory signs,6.329742993569527,3
G017_S07,G017,Gushimira,PAB,4/8/25,Mark,M,adult,22.9,3,7,0.342138421,0.805622318,0,54,0,0,13.51656786,8.720153391,Not injured,0,No respiratory signs,4.529294125645055,7
G017_S08,G017,Gushimira,PAB,2/28/25,Mark,M,adult,22.9,3,7,0.576530259,0.258940796,2,79,1,1,20.56018728,6.716164944,Injured,2,Respiratory signs,6.000461067146005,1
G018_S01,G018,Ubufatanye,SHI,10/19/25,Paul,F,adult,26.8,3,2,0.612305115,0.378723311,0,31,0,0,16.75096018,3.222731483,Not injured,0,No respiratory signs,6.263669139945429,4
G018_S02,G018,Ubufatanye,SHI,11/24/25,Robert,F,adult,26.8,3,2,0.832830435,0.282424068,0,31,0,0,10.95053115,3.689162232,Not injured,0,No respiratory signs,8.161243295383214,8
G018_S03,G018,Ubufatanye,SHI,4/25/25,Mark,F,adult,26.8,3,2,0.408128231,0.332031701,3,92,0,1,20.89784984,3.593243132,Injured,1,No respiratory signs,4.902542152423511,5
G018_S04,G018,Ubufatanye,SHI,9/22/25,Paul,F,adult,26.8,3,2,0.237917108,0.508382841,1,40,0,0,9.196391278,4.331892014,Not injured,0,No respiratory signs,3.9968259339239696,3
G018_S05,G018,Ubufatanye,SHI,10/16/25,Paul,F,adult,26.8,3,2,0.614039923,0.516038997,1,80,0,0,12.73069349,6.367144362,Not injured,0,No respiratory signs,6.276722238002699,7
G018_S06,G018,Ubufatanye,SHI,3/30/25,Robert,F,adult,26.8,3,2,0.684389621,0.406618902,0,70,0,0,8.395580206,3.487920608,Not injured,0,No respiratory signs,6.829609824291328,5
G018_S07,G018,Ubufatanye,SHI,11/17/25,Mary,F,adult,26.8,3,2,0.581469155,0.342625163,1,37,0,0,11.81519242,11.7342012,Not injured,0,No respiratory signs,6.036129443977748,6
G018_S08,G018,Ubufatanye,SHI,11/4/25,Robert,F,adult,26.8,3,2,0.771213482,0.519477994,1,40,0,0,13.12475174,5.540195514,Not injured,0,No respiratory signs,7.579567791215214,8
G019_S01,G019,Mwelu,Group4,3/18/25,Paul,F,adult,34,6,3,0.590167261,0.44811115,0,63,0,0,12.48936177,7.640332031,Not injured,0,No respiratory signs,6.09946286997612,10
G019_S02,G019,Mwelu,Group4,2/23/25,Paul,F,adult,34,6,3,0.661685918,0.670427035,2,35,1,0,26.07127386,3.897499218,Not injured,0,Respiratory signs,6.646052714071909,3
G019_S03,G019,Mwelu,Group4,3/30/25,Paul,F,adult,34,6,3,0.648238257,0.480506313,0,50,0,0,10.63320986,7.044367513,Not injured,0,No respiratory signs,6.539664787359121,4
G019_S04,G019,Mwelu,Group4,9/3/25,Mary,F,adult,34,6,3,0.584633358,0.633198458,2,44,0,0,19.0529776,2.197090306,Not injured,0,No respiratory signs,6.059092458846923,7
G019_S05,G019,Mwelu,Group4,12/17/25,Sarah,F,adult,34,6,3,0.651646624,0.577582048,2,48,0,0,17.26514354,3.831390363,Not injured,0,No respiratory signs,6.56646705435598,8
G019_S06,G019,Mwelu,Group4,9/25/25,Robert,F,adult,34,6,3,0.50491806,0.69468343,2,66,0,0,14.01803599,2.802677508,Not injured,0,No respiratory signs,5.506348349648494,2
G019_S07,G019,Mwelu,Group4,1/9/25,Paul,F,adult,34,6,3,0.733611898,0.54953121,1,48,0,0,22.7656894,1.804236364,Not injured,0,No respiratory signs,7.245164476606136,5
G019_S08,G019,Mwelu,Group4,7/30/25,Robert,F,adult,34,6,3,0.659414472,0.392943065,0,43,0,0,22.40380257,3.945714584,Not injured,0,No respiratory signs,6.627962000695839,3
G020_S01,G020,Twizere,Group5,5/16/25,Robert,M,adult,32.5,3,3,0.403314308,0.597958121,6,80,0,1,24.3466018,9.809802328,Injured,0,No respiratory signs,4.8743032424038315,10
G020_S02,G020,Twizere,Group5,5/4/25,Robert,M,adult,32.5,3,3,0.415401144,0.42013315,1,87,0,1,25.60206741,7.051313497,Injured,0,No respiratory signs,4.945516323155324,5
G020_S03,G020,Twizere,Group5,1/6/25,Paul,M,adult,32.5,3,3,0.871009233,0.562836067,5,38,1,0,24.46248032,6.982868568,Not injured,0,Respiratory signs,8.54384447824864,10
G020_S04,G020,Twizere,Group5,5/26/25,Robert,M,adult,32.5,3,3,0.149574641,0.448821703,4,44,0,0,23.40182017,7.685351113,Not injured,0,No respiratory signs,3.5948043583306806,5
G020_S05,G020,Twizere,Group5,12/7/25,Mary,M,adult,32.5,3,3,0.677583343,0.795927104,0,91,1,0,16.78317195,11.10530383,Not injured,0,Respiratory signs,6.774055934533673,6
G020_S06,G020,Twizere,Group5,9/30/25,Mary,M,adult,32.5,3,3,0.383675598,0.422058424,5,35,0,0,21.83011119,6.323185922,Not injured,0,No respiratory signs,4.760776178213715,6
G020_S07,G020,Twizere,Group5,9/7/25,Paul,M,adult,32.5,3,3,0.411063119,0.653975196,5,44,0,0,15.91074313,4.95902523,Not injured,0,No respiratory signs,4.919838687139807,7
G020_S08,G020,Twizere,Group5,8/9/25,Paul,M,adult,32.5,3,3,0.317168372,0.618820173,5,38,0,0,12.92427726,12.36242248,Not injured,0,No respiratory signs,4.395591234344399,1
G021_S01,G021,Segasira,BEE,5/4/25,Mark,M,adult,37.7,4,3,0.473881796,0.501110049,1,38,0,0,17.35840132,9.439895781,Not injured,0,No respiratory signs,5.305044472712565,3
G021_S02,G021,Segasira,BEE,1/16/25,Paul,M,adult,37.7,4,3,0.752420793,0.46069657,4,94,0,1,20.64468131,19.68839668,Injured,0,No respiratory signs,7.410552156654727,7
G021_S03,G021,Segasira,BEE,8/6/25,Mary,M,adult,37.7,4,3,0.605576347,0.628267727,3,57,0,0,11.85553173,15.72898957,Not injured,0,No respiratory signs,6.213296648745225,10
G021_S04,G021,Segasira,BEE,11/26/25,Paul,M,adult,37.7,4,3,0.621223117,0.715480335,5,40,1,0,20.38928107,7.042198365,Not injured,0,Respiratory signs,6.331060390671474,3
G021_S05,G021,Segasira,BEE,11/16/25,Paul,M,adult,37.7,4,3,0.753739971,0.660881311,3,44,0,0,17.27607505,5.036893624,Not injured,0,No respiratory signs,7.422292451573785,4
G021_S06,G021,Segasira,BEE,10/5/25,Sarah,M,adult,37.7,4,3,0.711649592,0.752436278,4,53,0,0,16.5404127,7.446581751,Not injured,0,No respiratory signs,7.056714044730606,6
G021_S07,G021,Segasira,BEE,8/3/25,Mark,M,adult,37.7,4,3,0.483148165,0.347551474,2,52,1,0,15.96301785,10.67444259,Not injured,0,Respiratory signs,5.364363866303021,2
G021_S08,G021,Segasira,BEE,10/29/25,Sarah,M,adult,37.7,4,3,0.83380411,0.480041545,0,83,0,0,8.980806962,9.839413953,Not injured,0,No respiratory signs,8.170784546623192,8
G022_S01,G022,Uhiriwe,MAF,8/7/25,Mary,F,adult,29.4,2,2,0.38231233,0.458018143,0,30,0,0,18.69782495,5.646549442,Not injured,0,No respiratory signs,4.752994288647142,4
G022_S02,G022,Uhiriwe,MAF,7/19/25,Mary,F,adult,29.4,2,2,0.365445675,0.554017622,0,126,0,1,23.18704242,6.169361545,Injured,0,No respiratory signs,4.657760764453105,2
G022_S03,G022,Uhiriwe,MAF,2/2/25,Paul,F,adult,29.4,2,2,0.737874814,0.384086722,1,58,0,0,14.26702141,2.735643213,Not injured,0,No respiratory signs,7.2823220684765095,10
G022_S04,G022,Uhiriwe,MAF,11/6/25,Mary,F,adult,29.4,2,2,0.614350413,0.3487869,1,32,0,0,7.656651416,3.595998257,Not injured,0,No respiratory signs,6.27906130511502,8
G022_S05,G022,Uhiriwe,MAF,11/24/25,Mark,F,adult,29.4,2,2,0.925001808,0.648740514,1,40,0,0,10.54693732,2.75739189,Not injured,0,No respiratory signs,9.115736170520048,9
G022_S06,G022,Uhiriwe,MAF,11/22/25,Mark,F,adult,29.4,2,2,0.923170239,0.614518254,0,25,0,0,14.15921802,5.239101497,Not injured,0,No respiratory signs,9.095722852301973,11
G022_S07,G022,Uhiriwe,MAF,4/28/25,Paul,F,adult,29.4,2,2,0.329538632,0.526159192,0,42,0,0,19.35976404,7.491653688,Not injured,0,No respiratory signs,4.46132745947251,3
G022_S08,G022,Uhiriwe,MAF,2/28/25,Sarah,F,adult,29.4,2,2,0.473406491,0.433895224,0,79,0,0,19.51025542,3.12791941,Not injured,0,No respiratory signs,5.302019518464373,6
G023_S01,G023,Agahozo,PAB,7/17/25,Mary,M,adult,34,4,7,0.50593451,0.515326773,6,92,0,1,34.28096201,11.4988351,Injured,0,No respiratory signs,5.513068760728402,8
G023_S02,G023,Agahozo,PAB,12/23/25,Sarah,M,adult,34,4,7,0.759081402,0.521864156,4,44,0,0,11.43448501,11.78765885,Not injured,0,No respiratory signs,7.470020043943789,12
G023_S03,G023,Agahozo,PAB,7/11/25,Paul,M,adult,34,4,7,0.464577008,0.413775548,5,35,0,0,26.9490496,6.284963016,Not injured,0,No respiratory signs,5.2461391685487335,11
G023_S04,G023,Agahozo,PAB,5/11/25,Sarah,M,adult,34,4,7,0.685125262,0.737233703,7,49,0,0,34.57541345,4.294087359,Not injured,0,No respiratory signs,6.835641455369606,7
G023_S05,G023,Agahozo,PAB,6/29/25,Mary,M,adult,34,4,7,0.280707052,0.525559415,2,60,0,0,15.89538757,3.579162642,Not injured,0,No respiratory signs,4.207415073804125,1
G023_S06,G023,Agahozo,PAB,5/5/25,Robert,M,adult,34,4,7,0.559262758,0.653955451,4,68,0,0,9.099354568,3.940311789,Not injured,0,No respiratory signs,5.87740483327737,4
G023_S07,G023,Agahozo,PAB,12/14/25,Paul,M,adult,34,4,7,0.666959035,0.473527927,0,41,1,0,16.08942863,4.711153715,Not injured,0,Respiratory signs,6.688240546389051,11
G023_S08,G023,Agahozo,PAB,10/19/25,Paul,M,adult,34,4,7,0.8649754,0.386205656,0,54,0,0,15.00847187,13.92295447,Not injured,0,No respiratory signs,8.482205342779107,9
G024_S01,G024,Arusha,SHI,7/30/25,Sarah,M,adult,14,3,2,0.258253481,0.401943443,5,61,1,0,21.41150031,13.46532875,Not injured,4,Respiratory signs,4.095562936959633,3
G024_S02,G024,Arusha,SHI,6/5/25,Robert,M,adult,14,3,2,0.74145581,0.501193308,3,28,0,0,37.85833513,8.484875689,Not injured,4,No respiratory signs,7.313682961594835,5
G024_S03,G024,Arusha,SHI,3/4/25,Mark,M,adult,14,3,2,0.697453065,0.461583316,7,45,0,0,22.64187369,10.52848118,Not injured,7,No respiratory signs,6.937515255075937,9
G024_S04,G024,Arusha,SHI,7/31/25,Robert,M,adult,14,3,2,0.308237015,0.453717802,1,41,0,0,10.26844942,7.192131241,Not injured,4,No respiratory signs,4.348732476816696,2
G024_S05,G024,Arusha,SHI,1/29/25,Mark,M,adult,14,3,2,0.610286503,0.293411932,1,40,0,0,11.77612544,8.734136194,Not injured,6,No respiratory signs,6.248514800566412,2
G024_S06,G024,Arusha,SHI,7/31/25,Mark,M,adult,14,3,2,0.213535687,0.479084099,3,41,0,0,9.155807958,10.20113824,Not injured,3,No respiratory signs,3.8815820850304905,3
G024_S07,G024,Arusha,SHI,7/6/25,Paul,M,adult,14,3,2,0.452824148,0.533182448,3,21,0,0,19.41985074,9.759012323,Not injured,5,No respiratory signs,5.17266990370361,4
G024_S08,G024,Arusha,SHI,3/21/25,Robert,M,adult,14,3,2,0.677739106,0.460953999,6,40,0,0,24.40302058,8.110379965,Not injured,4,No respiratory signs,6.775322229604575,4
G025_S01,G025,Agahinda,PAB,7/27/25,Sarah,F,adult,36.1,2,7,0.454378139,0.492904833,0,39,0,0,16.24763149,2.673576473,Not injured,0,No respiratory signs,5.182324842089747,3
G025_S02,G025,Agahinda,PAB,7/22/25,Mark,F,adult,36.1,2,7,0.66120546,0.36608036,1,24,0,0,14.10855809,2.716864287,Not injured,0,No respiratory signs,6.64222203943111,10
G025_S03,G025,Agahinda,PAB,12/24/25,Paul,F,adult,36.1,2,7,0.625006792,0.569046995,0,64,0,0,7.48444577,5.10919038,Not injured,0,No respiratory signs,6.359871357886107,5
G025_S04,G025,Agahinda,PAB,4/20/25,Mary,F,adult,36.1,2,7,0.457744921,0.540183285,1,130,0,1,10.7320677,3.802410894,Injured,0,No respiratory signs,5.203304503516336,4
G025_S05,G025,Agahinda,PAB,10/7/25,Mark,F,adult,36.1,2,7,0.657844064,0.734280549,1,63,0,0,9.500469194,4.680907409,Not injured,0,No respiratory signs,6.6154834367912105,4
G025_S06,G025,Agahinda,PAB,2/24/25,Robert,F,adult,36.1,2,7,0.656688394,0.477728677,1,63,0,0,9.006811736,9.159165633,Not injured,0,No respiratory signs,6.606315416492095,7
G025_S07,G025,Agahinda,PAB,7/25/25,Paul,F,adult,36.1,2,7,0.284749799,0.787393827,0,51,1,0,44.13128602,4.985979846,Not injured,0,Respiratory signs,4.227876082484584,5
G025_S08,G025,Agahinda,PAB,7/5/25,Paul,F,adult,36.1,2,7,0.336245807,0.523437251,0,34,0,0,16.11413093,2.757596326,Not injured,0,No respiratory signs,4.497379835409939,3
G026_S01,G026,N'Gee,NunkieGp,9/9/25,Mark,M,adult,34.4,1,1,0.442802691,0.346164736,1,30,0,0,26.91787529,23.75530234,Not injured,0,No respiratory signs,5.110837214246652,8
G026_S02,G026,N'Gee,NunkieGp,8/21/25,Sarah,M,adult,34.4,1,1,0.271333769,0.306137861,2,34,0,0,12.06798439,16.91925822,Not injured,0,No respiratory signs,4.160355481059056,5
G026_S03,G026,N'Gee,NunkieGp,3/23/25,Mark,M,adult,34.4,1,1,0.823009451,0.299521341,2,64,0,0,15.19479939,7.980807099,Not injured,0,No respiratory signs,8.065626107210026,7
G026_S04,G026,N'Gee,NunkieGp,8/22/25,Sarah,M,adult,34.4,1,1,0.495950945,0.365351691,3,90,0,1,17.11931234,9.764064249,Injured,0,No respiratory signs,5.4474147263923465,10
G026_S05,G026,N'Gee,NunkieGp,12/22/25,Paul,M,adult,34.4,1,1,0.837607832,0.364013385,2,33,0,0,18.44918784,11.39095934,Not injured,0,No respiratory signs,8.208165064306494,7
G026_S06,G026,N'Gee,NunkieGp,5/3/25,Paul,M,adult,34.4,1,1,0.393182509,0.446009597,1,20,0,0,24.34503895,18.30243101,Not injured,0,No respiratory signs,4.815399495694783,6
G026_S07,G026,N'Gee,NunkieGp,12/1/25,Mary,M,adult,34.4,1,1,0.526779535,0.328169563,3,148,0,1,29.22540968,6.554203743,Injured,0,No respiratory signs,5.652712067859676,3
G026_S08,G026,N'Gee,NunkieGp,12/27/25,Mark,M,adult,34.4,1,1,0.629421055,0.320862994,7,33,0,0,24.43339278,34.71896578,Not injured,0,No respiratory signs,6.393649716622031,11
G027_S01,G027,Frito,Group4,3/19/25,Sarah,F,infant,3.4,NA,3,0.656121964,0.507406723,1,6,0,0,9.160228108,1.962660909,Not injured,13,No respiratory signs,6.601826523961324,9
G027_S02,G027,Frito,Group4,1/8/25,Paul,F,infant,3.4,NA,3,0.882356539,0.489506949,1,12,0,0,13.41685957,2.427552998,Not injured,10,No respiratory signs,8.660979711207673,9
G027_S03,G027,Frito,Group4,9/21/25,Mary,F,infant,3.4,NA,3,0.369499024,0.922919392,0,24,0,0,14.22655869,4.088518163,Not injured,10,No respiratory signs,4.680471388052118,6
G027_S04,G027,Frito,Group4,11/20/25,Paul,F,infant,3.4,NA,3,0.658370397,0.484741709,0,37,0,0,11.27034798,1.850704452,Not injured,11,No respiratory signs,6.619663093279432,4
G027_S05,G027,Frito,Group4,5/11/25,Robert,F,infant,3.4,NA,3,0.475236283,0.444138034,0,54,0,0,13.61029037,2.676401332,Not injured,13,No respiratory signs,5.313674220668778,2
G027_S06,G027,Frito,Group4,9/27/25,Sarah,F,infant,3.4,NA,3,0.293267761,0.35131761,1,13,0,0,15.8581558,2.005847742,Not injured,9,No respiratory signs,4.271313166926774,2
G027_S07,G027,Frito,Group4,2/18/25,Paul,F,infant,3.4,NA,3,0.702182667,0.267830004,1,22,0,0,20.37939827,3.341616698,Not injured,8,No respiratory signs,6.977001224065225,11
G027_S08,G027,Frito,Group4,8/27/25,Mary,F,infant,3.4,NA,3,0.613264912,0.392099493,2,41,0,0,17.91318437,5.111249589,Not injured,13,No respiratory signs,6.2708875170729135,6
G028_S01,G028,Isaro,BEE,3/16/25,Paul,F,subadult,8.8,NA,3,0.818925938,0.367250291,1,17,0,0,13.2706478,2.778078148,Not injured,6,No respiratory signs,8.026199478718723,5
G028_S02,G028,Isaro,BEE,2/12/25,Mark,F,subadult,8.8,NA,3,0.785520407,0.616174635,1,56,0,0,8.733155562,2.806026745,Not injured,6,No respiratory signs,7.710819622921439,5
G028_S03,G028,Isaro,BEE,1/31/25,Sarah,F,subadult,8.8,NA,3,0.915477367,0.636753996,2,22,0,0,24.18298752,3.453816017,Not injured,5,No respiratory signs,9.0121425514114,6
G028_S04,G028,Isaro,BEE,3/12/25,Sarah,F,subadult,8.8,NA,3,0.570197591,0.688693487,2,37,0,0,17.98085204,4.121762616,Not injured,5,No respiratory signs,5.955035172672619,5
G028_S05,G028,Isaro,BEE,11/29/25,Mark,F,subadult,8.8,NA,3,0.640895947,0.863149706,1,36,0,0,25.58410629,3.041431908,Not injured,6,No respiratory signs,6.482298384221448,3
G028_S06,G028,Isaro,BEE,11/14/25,Sarah,F,subadult,8.8,NA,3,0.815751687,0.501553743,1,72,0,0,16.58801623,3.778207349,Not injured,8,No respiratory signs,7.995685025867533,9
G028_S07,G028,Isaro,BEE,8/28/25,Sarah,F,subadult,8.8,NA,3,0.388730429,0.538666624,1,121,1,0,14.2991922,2.079591166,Not injured,9,Respiratory signs,4.7897418421336555,2
G028_S08,G028,Isaro,BEE,9/22/25,Mary,F,subadult,8.8,NA,3,0.245881249,0.469045857,0,31,0,0,21.67466115,2.648513555,Not injured,9,No respiratory signs,4.035206585498326,5
G029_S01,G029,Ishyaka,SusaGp,1/6/25,Sarah,F,adult,19.5,7,3,0.742000303,0.398627752,1,71,0,0,14.55881361,6.580303555,Not injured,1,No respiratory signs,7.318463222127976,6
G029_S02,G029,Ishyaka,SusaGp,6/8/25,Paul,F,adult,19.5,7,3,0.450706031,0.766977573,3,46,0,0,12.5729558,7.529106458,Not injured,1,No respiratory signs,5.159539014358752,8
G029_S03,G029,Ishyaka,SusaGp,3/6/25,Mark,F,adult,19.5,7,3,0.638000065,0.476379266,0,47,0,0,13.87993179,4.800912746,Not injured,0,No respiratory signs,6.459811113688974,8
G029_S04,G029,Ishyaka,SusaGp,10/18/25,Robert,F,adult,19.5,7,3,0.376928272,0.55637835,0,53,0,0,8.492483074,5.314349384,Not injured,0,No respiratory signs,4.722384800770657,2
G029_S05,G029,Ishyaka,SusaGp,7/16/25,Mark,F,adult,19.5,7,3,0.509203726,0.621112877,0,31,0,0,15.27912386,5.987064089,Not injured,3,No respiratory signs,5.5347393355311185,4
G029_S06,G029,Ishyaka,SusaGp,6/16/25,Mark,F,adult,19.5,7,3,0.366946457,0.478163859,0,39,0,0,11.26780179,5.847877918,Not injured,0,No respiratory signs,4.666156662650298,3
G029_S07,G029,Ishyaka,SusaGp,12/10/25,Robert,F,adult,19.5,7,3,0.623534707,0.670729828,0,34,0,0,9.371339299,3.886026396,Not injured,5,No respiratory signs,6.3486465496547,6
G029_S08,G029,Ishyaka,SusaGp,1/23/25,Paul,F,adult,19.5,7,3,0.653090062,0.476735174,1,36,0,0,15.0434576,8.350721943,Not injured,1,No respiratory signs,6.577850856283561,4
G030_S01,G030,Quince,Group5,3/27/25,Paul,F,adult,32.6,3,3,0.819330637,0.543972724,0,59,0,0,15.16696273,3.183702401,Not injured,0,No respiratory signs,8.03009825922505,7
G030_S02,G030,Quince,Group5,6/12/25,Paul,F,adult,32.6,3,3,0.12563087,0.810748698,1,29,0,0,19.61972963,3.429476066,Not injured,0,No respiratory signs,3.492986301093204,3
G030_S03,G030,Quince,Group5,12/27/25,Mark,F,adult,32.6,3,3,0.626678879,0.358309385,0,56,0,0,16.32412487,7.409521898,Not injured,0,No respiratory signs,6.372645278927814,9
G030_S04,G030,Quince,Group5,8/24/25,Mark,F,adult,32.6,3,3,0.402408062,0.614735371,1,52,0,0,12.99548567,5.477633474,Not injured,0,No respiratory signs,4.869005342266986,6
G030_S05,G030,Quince,Group5,8/16/25,Paul,F,adult,32.6,3,3,0.629696793,0.643716619,0,36,0,0,16.18951072,4.621260768,Not injured,0,No respiratory signs,6.395765633288578,13
G030_S06,G030,Quince,Group5,8/28/25,Mark,F,adult,32.6,3,3,0.398721609,0.353622508,1,78,1,0,29.64750465,4.033021636,Not injured,0,Respiratory signs,4.847513682889499,2
G030_S07,G030,Quince,Group5,4/4/25,Mary,F,adult,32.6,3,3,0.142765509,0.380672791,0,54,0,0,17.52107839,6.739905127,Not injured,0,No respiratory signs,3.5655510380510647,2
G030_S08,G030,Quince,Group5,7/18/25,Robert,F,adult,32.6,3,3,0.498923252,0.35236435,1,42,0,0,16.44240779,5.14614214,Not injured,0,No respiratory signs,5.466879084894358,8
